{"cameraMode":{"drawMode":0,"name":"Shaded","section":"Shading Mode"},"sceneLighting":false,"audioPlay":false,"sceneViewState":{"showFog":true,"showMaterialUpdate":false,"showSkybox":true,"showFlares":true,"showImageEffects":true,"showParticleSystems":true},"in2DMode":false,"pivot":{"x":10.43549633026123,"y":0.5830795764923096,"z":-0.844623327255249},"rotation":{"x":0.04068223387002945,"y":-0.07546481490135193,"z":0.0030810150783509018,"w":0.9963135123252869},"size":2.3334522247314455,"orthographic":false}