{"cameraMode":{"drawMode":0,"name":"Shaded","section":"Shading Mode"},"sceneLighting":false,"audioPlay":false,"sceneViewState":{"showFog":true,"showMaterialUpdate":false,"showSkybox":true,"showFlares":true,"showImageEffects":true,"showParticleSystems":true},"in2DMode":false,"pivot":{"x":22.97945213317871,"y":5.930679798126221,"z":-11.5072603225708},"rotation":{"x":0.11912889778614044,"y":-0.35274559259414675,"z":0.04533110931515694,"w":0.9269972443580627},"size":2.402890205383301,"orthographic":false}